variavel,iv
SCORE_02,0.595768245747663
SCORE_01,0.4055070059930297
var_35,0.19238108506849566
var_73,0.07609368361331507
var_93,0.05855257036589494
