{
    "modelo": "Baseline (Bureau - Logit)",
    "timestamp": "2026-01-30 18:02:18",
    "features": [
        "SCORE_01"
    ],
    "n_obs_train": 1269214,
    "n_obs_val": 433825,
    "taxa_fpd_train": 0.20740946759175363,
    "taxa_fpd_val": 0.20843197141704603,
    "train": {
        "auc": 0.6791521618913563,
        "gini": 0.3583043237827126,
        "ks": 0.27511159769131766
    },
    "val": {
        "auc": 0.6689026841310147,
        "gini": 0.33780536826202945,
        "ks": 0.25840353804902366
    },
    "statsmodels": {
        "aic": 1228924.1379674575,
        "bic": 1228948.2457841958,
        "log_likelihood": -614460.0689837288,
        "pseudo_r2": 0.05166984854599077
    }
}