{
    "modelo": "Baseline (Bureau - Logit)",
    "timestamp": "2026-01-30 18:59:41",
    "features": [
        "SCORE_01",
        "SCORE_02"
    ],
    "n_obs_train": 1269214,
    "n_obs_val": 433825,
    "taxa_fpd_train": 0.20740946759175363,
    "taxa_fpd_val": 0.20843197141704603,
    "train": {
        "auc": 0.7204951530571984,
        "gini": 0.4409903061143967,
        "ks": 0.3289037850672553
    },
    "val": {
        "auc": 0.71251544043496,
        "gini": 0.4250308808699199,
        "ks": 0.315592231795852
    },
    "statsmodels": {
        "aic": 1169281.929715091,
        "bic": 1169318.0914401985,
        "log_likelihood": -584637.9648575454,
        "pseudo_r2": 0.09769594845096208
    }
}